driver_name,driver_power
Lewis Hamilton,80.58988764044943
Nick Heidfeld,51.60326086956522
Nico Rosberg,64.46601941747574
Fernando Alonso,62.82178217821782
Heikki Kovalainen,39.375
Kazuki Nakajima,39.583333333333336
Sébastien Bourdais,34.44444444444444
Kimi Räikkönen,63.08238636363637
Robert Kubica,51.96969696969697
Timo Glock,30.105263157894736
Takuma Sato,37.857142857142854
Nelson Piquet Jr.,38.035714285714285
Felipe Massa,60.313653136531364
David Coulthard,57.67206477732793
Jarno Trulli,43.69140625
Adrian Sutil,32.6953125
Mark Webber,56.68202764976959
Jenson Button,56.74757281553398
Anthony Davidson,24.375
Sebastian Vettel,70.08333333333333
Giancarlo Fisichella,50.25974025974026
Rubens Barrichello,53.941717791411044
Ralf Schumacher,55.80555555555556
Vitantonio Liuzzi,27.34567901234568
Alexander Wurz,48.11594202898551
Scott Speed,29.821428571428573
Christijan Albers,27.17391304347826
Markus Winkelhock,20.0
Sakon Yamamoto,12.857142857142858
Michael Schumacher,71.34740259740259
Juan Pablo Montoya,62.473684210526315
Christian Klien,36.76470588235294
Tiago Monteiro,33.108108108108105
Yuji Ide,18.75
Jacques Villeneuve,53.75757575757576
Franck Montagny,12.857142857142858
Pedro de la Rosa,29.205607476635514
Robert Doornbos,30.90909090909091
Narain Karthikeyan,15.416666666666666
Patrick Friesacher,25.0
Ricardo Zonta,38.28947368421053
Antônio Pizzonia,40.5
Cristiano da Matta,44.464285714285715
Olivier Panis,45.60126582278481
Giorgio Pantano,24.285714285714285
Gianmaria Bruni,21.666666666666668
Zsolt Baumgartner,28.5
Marc Gené,37.361111111111114
Heinz-Harald Frentzen,50.18867924528302
Jos Verstappen,34.57943925233645
Justin Wilson,32.1875
Ralph Firman,33.92857142857143
Nicolas Kiesa,41.0
Luciano Burti,37.333333333333336
Jean Alesi,49.975247524752476
Eddie Irvine,50.816326530612244
Mika Häkkinen,56.72727272727273
Tarso Marques,25.76923076923077
Enrique Bernoldi,26.03448275862069
Gastón Mazzacane,34.285714285714285
Tomáš Enge,30.0
Alex Yoong,26.25
Mika Salo,44.729729729729726
Pedro Diniz,33.13131313131313
Johnny Herbert,42.72727272727273
Allan McNish,27.941176470588236
Sébastien Buemi,34.18181818181818
Toranosuke Takagi,29.0625
Luca Badoer,30.948275862068964
Alessandro Zanardi,29.545454545454547
Damon Hill,57.704918032786885
Stéphane Sarrazin,25.0
Ricardo Rosset,29.833333333333332
Esteban Tuero,27.8125
Shinji Nakano,36.96969696969697
Jan Magnussen,28.6
Gerhard Berger,52.285714285714285
Nicola Larini,19.8
Ukyo Katayama,26.443298969072163
Vincenzo Sospiri,0.0
Gianni Morbidelli,30.714285714285715
Norberto Fontana,45.0
Pedro Lamy,39.0625
Martin Brundle,44.90909090909091
Andrea Montermini,12.5
Giovanni Lavaggi,18.5
Mark Blundell,40.15873015873016
Aguri Suzuki,20.852272727272727
Taki Inoue,19.72222222222222
Roberto Moreno,18.58108108108108
Karl Wendlinger,33.095238095238095
Bertrand Gachot,14.166666666666666
Domenico Schiattarella,15.714285714285714
Pierluigi Martini,31.666666666666668
Nigel Mansell,50.989583333333336
Jean-Christophe Boullion,42.27272727272727
Massimiliano Papis,22.857142857142858
Jean-Denis Délétraz,21.666666666666668
Gabriele Tarquini,12.307692307692308
Érik Comas,35.55555555555556
David Brabham,17.666666666666668
Ayrton Senna,65.5246913580247
Éric Bernard,32.4468085106383
Christian Fittipaldi,42.674418604651166
Michele Alboreto,38.44186046511628
Olivier Beretta,26.5
Roland Ratzenberger,16.666666666666668
Paul Belmondo,9.62962962962963
Jyrki Järvilehto,33.285714285714285
Andrea de Cesaris,29.065420560747665
Jean-Marc Gounon,29.444444444444443
Philippe Alliot,27.434782608695652
Philippe Adams,12.5
Yannick Dalmas,16.1
Hideki Noda,0.0
Franck Lagorce,30.0
Alain Prost,68.76237623762377
Derek Warwick,35.339506172839506
Riccardo Patrese,43.30739299610895
Fabrizio Barbazza,10.75
Michael Andretti,33.84615384615385
Ivan Capelli,26.1734693877551
Thierry Boutsen,47.13414634146341
Marco Apicella,0.0
Emanuele Naspetti,29.166666666666668
Toshio Suzuki,40.0
Maurício Gugelmin,29.75
Eric van de Poele,5.344827586206897
Olivier Grouillard,16.451612903225808
Andrea Chiesa,2.5
Stefano Modena,26.11111111111111
Giovanna Amati,0.0
Alex Caffi,25.133333333333333
Enrico Bertaggia,0.0
Perry McCarthy,0.0
Jan Lammers,17.5609756097561
Nelson Piquet,56.908212560386474
Satoru Nakajima,31.5625
Emanuele Pirro,27.5
Stefan Johansson,36.116504854368934
Julian Bailey,12.25
Pedro Chaves,0.0
Michael Bartels,0.0
Naoki Hattori,0.0
Alessandro Nannini,34.15584415584416
Bernd Schneider,5.625
Paolo Barilla,17.333333333333332
Gregor Foitek,8.181818181818182
Claudio Langes,0.0
Gary Brabham,0.0
Martin Donnelly,27.666666666666668
Bruno Giacomelli,27.926829268292682
Jaime Alguersuari,36.52173913043478
Romain Grosjean,39.668508287292816
Kamui Kobayashi,36.44736842105263
Jonathan Palmer,34.31818181818182
Christian Danner,25.53191489361702
Eddie Cheever,34.51048951048951
Luis Pérez-Sala,27.5
Piercarlo Ghinzani,14.27927927927928
Volker Weidler,0.0
Pierre-Henri Raphanel,0.0
René Arnoux,41.25
Joachim Winkelhock,0.0
Oscar Larrauri,5.0
Philippe Streiff,39.44444444444444
Adrián Campos,11.666666666666666
Jean-Louis Schlesser,25.0
Pascal Fabre,34.166666666666664
Teo Fabi,28.943661971830984
Franco Forini,7.5
Jacques Laffite,45.861111111111114
Elio de Angelis,47.22727272727273
Johnny Dumfries,34.375
Patrick Tambay,42.00819672131148
Marc Surer,42.44318181818182
Keke Rosberg,42.265625
Alan Jones,49.18803418803419
Huub Rothengatter,25.714285714285715
Allen Berg,17.77777777777778
Manfred Winkelhock,23.272727272727273
Niki Lauda,52.270114942528735
François Hesnault,19.25
Mauro Baldi,28.902439024390244
Stefan Bellof,37.27272727272727
Kenny Acheson,7.222222222222222
John Watson,48.116883116883116
Johnny Cecotto,21.956521739130434
Jo Gartner,30.0
Corrado Fabi,16.944444444444443
Mike Thackwell,0.0
Chico Serra,22.5
Danny Sullivan,33.666666666666664
Eliseo Salazar,17.83783783783784
Roberto Guerrero,14.482758620689655
Raul Boesel,23.666666666666668
Jean-Pierre Jarier,34.05594405594405
Jacques Villeneuve Sr.,0.0
Carlos Reutemann,56.33561643835616
Jochen Mass,41.666666666666664
Slim Borgudd,27.0
Didier Pironi,50.69444444444444
Gilles Villeneuve,52.05882352941177
Riccardo Paletti,6.875
Brian Henton,22.56756756756757
Derek Daly,32.03125
Mario Andretti,44.18604651162791
Emilio de Villota,4.285714285714286
Geoff Lees,14.166666666666666
Tommy Byrne,14.0
Rupert Keegan,19.72972972972973
Hector Rebaque,24.913793103448278
Beppe Gabbiani,3.235294117647059
Kevin Cogan,0.0
Miguel Ángel Guerra,0.0
Siegfried Stohr,16.53846153846154
Ricardo Zunino,33.63636363636363
Ricardo Londoño,0.0
Jean-Pierre Jabouille,23.181818181818183
Giorgio Francia,0.0
Patrick Depailler,50.473684210526315
Jody Scheckter,59.557522123893804
Clay Regazzoni,51.55797101449275
Emerson Fittipaldi,51.34228187919463
Dave Kennedy,0.0
Stephen South,0.0
Tiff Needell,2.5
Desiré Wilson,0.0
Harald Ertl,21.896551724137932
Vittorio Brambilla,32.62820512820513
James Hunt,49.67741935483871
Arturo Merzario,15.595238095238095
Hans-Joachim Stuck,29.25925925925926
Gianfranco Brancatelli,0.0
Jacky Ickx,49.752066115702476
Patrick Gaillard,17.0
Alex Ribeiro,20.75
Ronnie Peterson,50.0
Brett Lunger,29.88095238095238
Danny Ongais,13.333333333333334
Lamberto Leoni,0.0
Divina Galica,0.0
Rolf Stommelen,35.81967213114754
Alberto Colombo,0.0
Tony Trimmer,0.0
Hans Binder,34.0
Michael Bleekemolen,3.0
Carlo Franchi,0.0
Bobby Rahal,30.0
Carlos Pace,40.41095890410959
Ian Scheckter,19.25
Tom Pryce,46.42857142857143
Ingo Hoffmann,23.333333333333332
Renzo Zorzi,28.571428571428573
Gunnar Nilsson,37.5
Larry Perkins,14.0
Boy Lunger,10.714285714285714
Patrick Nève,29.23076923076923
David Purley,16.363636363636363
Conny Andersson,0.0
Bernard de Dryver,0.0
Jackie Oliver,37.05882352941177
Mikko Kozarowitzky,0.0
Andy Sutcliffe,0.0
Guy Edwards,20.9375
Brian McGuire,0.0
Vern Schuppan,23.333333333333332
Hans Heyer,0.0
Teddy Pilette,5.0
Ian Ashley,8.636363636363637
Loris Kessel,13.333333333333334
Kunimitsu Takahashi,60.0
Kazuyoshi Hoshino,30.0
Noritake Takahara,30.0
Lella Lombardi,19.705882352941178
Bob Evans,19.583333333333332
Michel Leclère,30.625
Chris Amon,46.60377358490566
Emilio Zapico,0.0
Henri Pescarolo,37.54237288135593
Jac Nelleman,0.0
Damien Magee,17.5
Mike Wilds,6.25
Alessandro Pesenti-Rossi,25.0
Otto Stuppacher,0.0
Warwick Brown,35.0
Masahiro Hasemi,50.0
Mark Donohue,41.0
Graham Hill,54.608938547486034
Wilson Fittipaldi,28.81578947368421
Guy Tunmer,50.0
Eddie Keizan,38.333333333333336
Dave Charlton,13.076923076923077
Tony Brise,40.5
Roelof Wunderink,14.166666666666666
François Migault,19.333333333333332
Torsten Palm,27.5
Gijs van Lennep,43.888888888888886
Hiroshi Fushida,0.0
John Nicholson,10.0
Dave Morgan,15.0
Jim Crawford,20.0
Jo Vonlanthen,0.0
Denny Hulme,64.50892857142857
Mike Hailwood,39.705882352941174
Jean-Pierre Beltoise,48.50574712643678
Howden Ganley,40.38461538461539
Richard Robarts,18.75
Peter Revson,56.45161290322581
Paddy Driver,0.0
Tom Belsø,16.25
Brian Redman,38.84615384615385
Rikky von Opel,17.692307692307693
Tim Schenken,29.444444444444443
Gérard Larrousse,0.0
Leo Kinnunen,0.0
Reine Wisell,37.82608695652174
Bertil Roos,0.0
José Dolhem,0.0
Peter Gethin,31.0
Derek Bell,13.928571428571429
David Hobbs,60.0
Dieter Quester,60.0
Helmuth Koinigg,18.333333333333332
Carlo Facetti,0.0
Eppie Wietzes,20.0
François Cevert,56.808510638297875
Jackie Stewart,68.5
Mike Beuttler,28.79310344827586
Nanni Galli,21.470588235294116
Luiz Bueno,45.0
George Follmer,33.75
Andrea de Adamich,27.22222222222222
Jackie Pretorius,17.5
Roger Williamson,2.5
Graham McRae,0.0
Helmut Marko,38.333333333333336
David Walker,21.363636363636363
Alex Soler-Roig,5.555555555555555
John Love,40.5
John Surtees,54.151785714285715
Skip Barber,13.333333333333334
Bill Brack,26.666666666666668
Sam Posey,22.5
Pedro Rodríguez,59.72222222222222
Jo Siffert,51.5
Jo Bonnier,46.10091743119266
François Mazet,40.0
Max Jean,35.0
Vic Elford,53.07692307692308
Silvio Moser,28.055555555555557
George Eaton,28.846153846153847
Pete Lovely,25.90909090909091
Chris Craft,0.0
John Cannon,35.0
Jack Brabham,59.651162790697676
John Miles,34.333333333333336
Jochen Rindt,55.16129032258065
Johnny Servoz-Gavin,50.416666666666664
Bruce McLaren,61.50485436893204
Piers Courage,51.206896551724135
Peter de Klerk,48.75
Ignazio Giunti,53.75
Dan Gurney,56.206896551724135
Hubert Hahne,25.0
Gus Hutchison,0.0
Peter Westbury,0.0
Sam Tingle,33.333333333333336
Basil van Rooyen,20.0
Richard Attwood,51.470588235294116
Al Pease,32.5
John Cordts,20.0
Jim Clark,70.0
Mike Spence,56.25
Ludovico Scarfiotti,46.92307692307692
Lucien Bianchi,35.526315789473685
Jo Schlesser,10.0
Robin Widdows,40.0
Kurt Ahrens,22.5
Frank Gardner,26.666666666666668
Bobby Unser,20.0
Moisés Solana,34.375
Bob Anderson,49.80769230769231
Luki Botha,65.0
Lorenzo Bandini,56.13636363636363
Richie Ginther,65.18518518518519
Mike Parkes,50.0
Chris Irwin,49.5
Guy Ligier,54.23076923076923
Alan Rees,65.0
Brian Hart,35.0
Mike Fisher,30.0
Tom Jones,15.0
Giancarlo Baghetti,32.88461538461539
Jonathan Williams,65.0
Bob Bondurant,45.55555555555556
Peter Arundell,47.666666666666664
Vic Wilson,22.5
John Taylor,51.0
Chris Lawrence,50.0
Trevor Taylor,35.0
Giacomo Russo,25.0
Phil Hill,59.61538461538461
Innes Ireland,45.72727272727273
Ronnie Bucknum,38.63636363636363
Paul Hawkins,45.0
David Prophet,30.0
Tony Maggs,55.74074074074074
Trevor Blokdyk,22.5
Neville Lederle,25.0
Doug Serrurier,30.0
Brausch Niemann,17.5
Ernie Pieterse,21.666666666666668
Clive Puzey,0.0
Ray Reed,0.0
David Clapham,0.0
Alex Blignaut,0.0
Masten Gregory,41.30434782608695
John Rhodes,25.0
Ian Raby,12.142857142857142
Alan Rollinson,0.0
Brian Gubby,0.0
Gerhard Mitter,40.0
Roberto Bussinello,11.25
Nino Vaccarella,29.0
Giorgio Bassi,0.0
Maurice Trintignant,50.0
Bernard Collomb,15.833333333333334
André Pilette,33.333333333333336
Carel Godin de Beaufort,44.193548387096776
Edgar Barth,30.0
Mário de Araújo Cabral,35.0
Walt Hansgen,23.75
Hap Sharp,46.666666666666664
Willy Mairesse,39.583333333333336
John Campbell-Jones,19.0
Ian Burgess,22.884615384615383
Tony Settember,17.5
Nasif Estéfano,7.0
Jim Hall,54.166666666666664
Tim Parnell,13.75
Kurt Kuhnke,0.0
Ernesto Brambilla,0.0
Roberto Lippi,0.0
Günther Seiffert,0.0
Carlo Abate,0.0
Gaetano Starrabba,15.0
Peter Broeker,70.0
Rodger Ward,31.666666666666668
Ernie de Vos,0.0
Frank Dochnal,0.0
Thomas Monarch,0.0
Jackie Lewis,36.81818181818182
Ricardo Rodríguez,45.0
Wolfgang Seidel,15.384615384615385
Roy Salvadori,41.372549019607845
Ben Pon,5.0
Rob Slotemaker,0.0
Tony Marsh,15.0
Gerry Ashmore,5.0
Heinz Schiller,0.0
Colin Davis,20.0
Jay Chamberlain,10.0
Tony Shelly,0.0
Keith Greene,5.0
Heini Walter,35.0
Ernesto Prinoth,0.0
Roger Penske,62.5
Rob Schroeder,55.0
Timmy Mayer,25.0
Bruce Johnstone,60.0
Mike Harris,30.0
Gary Hocking,15.0
Syd van der Vyver,10.0
Stirling Moss,60.0
Wolfgang von Trips,65.89285714285714
Cliff Allison,51.666666666666664
Hans Herrmann,42.75
Tony Brooks,51.707317073170735
Michael May,21.25
Henry Taylor,42.5
Olivier Gendebien,51.1764705882353
Giorgio Scarlatti,37.0
Brian Naylor,16.666666666666668
Juan Manuel Bordeu,0.0
Jack Fairman,25.76923076923077
Massimo Natili,0.0
Peter Monteverdi,0.0
Renato Pirocchi,22.5
Geoff Duke,0.0
Alfonso Thiele,22.5
Menato Boffa,0.0
Peter Ryan,60.0
Lloyd Ruby,52.5
Ken Miles,5.0
Carlos Menditeguy,52.5
Alberto Rodriguez Larreta,60.0
José Froilán González,67.93103448275862
Roberto Bonomi,50.0
Gino Munaron,33.75
Harry Schell,50.625
Alan Stacey,39.285714285714285
Ettore Chimeri,5.0
Antonio Creus,0.0
Chris Bristow,42.5
Bruce Halford,38.333333333333336
Chuck Daigh,17.5
Lance Reventlow,6.25
Jim Rathmann,50.833333333333336
Paul Goldsmith,56.666666666666664
Don Branson,42.5
Johnny Thomson,34.44444444444444
Eddie Johnson,40.55555555555556
Bob Veith,48.0
Bud Tingelstad,60.0
Bob Christie,34.0
Red Amick,25.0
Duane Carter,56.5
Bill Homeier,40.0
Gene Hartley,30.555555555555557
Chuck Stevenson,22.142857142857142
Bobby Grim,12.5
Shorty Templeman,15.0
Jim Hurtubise,15.0
Jimmy Bryan,46.111111111111114
Troy Ruttman,30.555555555555557
Eddie Sachs,5.0
Don Freeland,35.0
Tony Bettenhausen,40.38461538461539
Wayne Weiler,0.0
Anthony Foyt,26.666666666666668
Eddie Russo,0.0
Johnny Boyd,40.0
Gene Force,25.0
Jim McWithey,12.5
Len Sutton,0.0
Dick Rathmann,17.0
Al Herman,22.0
Dempsey Wilson,15.0
Mike Taylor,5.0
Ron Flockhart,37.0
David Piper,15.0
Giulio Cabianca,43.75
Piero Drogo,65.0
Fred Gamble,55.0
Arthur Owen,25.0
Horace Gould,33.05555555555556
Bob Drake,40.0
Ivor Bueb,40.833333333333336
Alain de Changy,10.0
Maria de Filippis,30.0
Jean Lucienbonnet,0.0
André Testut,0.0
Jean Behra,52.19298245614035
Paul Russo,51.666666666666664
Jimmy Daywalt,24.285714285714285
Chuck Arnold,30.0
Al Keller,20.0
Pat Flaherty,36.666666666666664
Bill Cheesbourg,18.333333333333332
Ray Crawford,0.0
Jack Turner,12.5
Chuck Weyant,20.0
Jud Larson,32.5
Mike Magill,6.666666666666667
Carroll Shelby,45.55555555555556
Fritz d'Orey,41.666666666666664
Azdrubal Fontes,0.0
Peter Ashdown,45.0
Bill Moss,0.0
Dennis Taylor,0.0
Harry Blanchard,70.0
Alessandro de Tomaso,55.0
George Constantine,25.0
Bob Said,15.0
Phil Cade,10.0
Luigi Musso,61.92307692307692
Mike Hawthorn,69.89583333333333
Juan Fangio,81.03448275862068
Paco Godia,52.5
Peter Collins,51.62162162162162
Ken Kavanagh,15.0
Gerino Gerini,45.714285714285715
Bruce Kessler,5.0
Paul Emery,0.0
Luigi Piotti,26.11111111111111
Bernie Ecclestone,0.0
Luigi Taramazzo,0.0
Louis Chiron,37.64705882352941
Stuart Lewis-Evans,55.0
George Amick,95.0
Jimmy Reece,40.0
Johnnie Parsons,36.0
Johnnie Tolan,15.0
Billy Garrett,12.5
Ed Elisian,3.0
Pat O'Connor,29.0
Jerry Unser,0.0
Art Bisch,0.0
Christian Goethals,25.0
Dick Gibson,0.0
Robert La Caze,35.0
André Guelfi,30.0
François Picard,15.0
Tom Bridger,10.0
Alfonso de Portago,52.5
Cesare Perdisa,66.66666666666667
Eugenio Castellotti,57.35294117647059
André Simon,38.75
Les Leston,10.0
Sam Hanks,53.888888888888886
Andy Linden,28.636363636363637
Marshall Teague,28.75
Don Edmunds,10.0
Fred Agabashian,28.125
Elmer George,0.0
Mike MacDowel,70.0
Herbert MacKay-Fraser,50.0
Bob Gerard,61.42857142857143
Umberto Maglioli,54.0
Paul England,0.0
Chico Landi,45.0
Alberto Uria,55.0
Hernando da Silva Ramos,41.25
Élie Bayol,32.142857142857146
Robert Manzon,40.172413793103445
Louis Rosier,52.94871794871795
Bob Sweikert,43.0
Cliff Griffith,38.333333333333336
Duke Dinsmore,11.25
Keith Andrews,2.5
Paul Frère,52.72727272727273
Luigi Villoresi,55.857142857142854
Piero Scotti,40.0
Colin Chapman,5.0
Desmond Titterington,35.0
Archie Scott Brown,0.0
Ottorino Volonterio,56.666666666666664
André Milhoux,65.0
Toulo de Graffenried,45.65217391304348
Piero Taruffi,66.66666666666667
Nino Farina,75.8108108108108
Roberto Mieres,54.411764705882355
Sergio Mantovani,61.111111111111114
Clemar Bucci,27.0
Jesús Iglesias,55.0
Alberto Ascari,64.58333333333333
Karl Kling,62.5
Pablo Birger,17.5
Jacques Pollet,39.0
Lance Macklin,27.333333333333332
Ted Whiteaway,0.0
Jimmy Davies,40.833333333333336
Walt Faulkner,49.0
Cal Niday,26.666666666666668
Art Cross,61.25
Bill Vukovich,44.0
Jack McGrath,57.5
Jerry Hoyt,13.0
Johnny Claes,40.2
Peter Walker,27.5
Mike Sparken,70.0
Ken Wharton,42.8125
Kenneth McAlpine,22.142857142857142
Leslie Marr,22.5
Tony Rolt,20.0
John Fitch,30.0
Jean Lucas,10.0
Prince Bira,47.10526315789474
Onofre Marimón,40.833333333333336
Roger Loyer,35.0
Jorge Daponte,40.0
Mike Nazaruk,58.333333333333336
Larry Crockett,60.0
Manny Ayulo,43.75
Frank Armi,10.0
Travis Webb,3.75
Len Duncan,0.0
Ernie McCoy,45.0
Jacques Swaters,40.714285714285715
Georges Berger,12.5
Don Beauman,50.0
Leslie Thorne,35.0
Bill Whitehouse,20.0
John Riseley-Prichard,0.0
Reg Parnell,52.142857142857146
Peter Whitehead,33.75
Eric Brandon,34.0
Alan Brown,37.22222222222222
Rodney Nuckey,25.0
Hermann Lang,62.5
Theo Helfrich,26.666666666666668
Fred Wacker,56.666666666666664
Giovanni de Riu,0.0
Oscar Gálvez,80.0
John Barber,65.0
Felice Bonetto,56.1764705882353
Adolfo Cruz,25.0
Duke Nalon,35.0
Carl Scarborough,30.0
Bill Holland,62.5
Bob Scott,12.0
Arthur Legat,22.5
Yves Cabantous,47.30769230769231
Tony Crook,0.0
Jimmy Stewart,50.0
Ian Stewart,0.0
Duncan Hamilton,29.0
Ernst Klodwig,37.5
Rudolf Krause,20.0
Oswald Karch,0.0
Willi Heeks,17.5
Theo Fitzau,0.0
Kurt Adolff,0.0
Günther Bechem,7.5
Erwin Bauer,0.0
Hans von Stuck,12.5
Ernst Loof,0.0
Albert Scherrer,60.0
Max de Terra,32.5
Peter Hirt,28.0
Piero Carini,1.6666666666666667
Rudi Fischer,57.142857142857146
Toni Ulmen,37.5
George Abecassis,20.0
George Connor,43.333333333333336
Jim Rigsby,45.0
Joe James,20.0
Bill Schindler,25.0
George Fonder,13.333333333333334
Henry Banks,28.333333333333332
Johnny McDowell,5.0
Chet Miller,0.0
Bobby Ball,40.0
Charles de Tornaco,35.0
Roger Laurent,60.0
Robert O'Brien,35.0
Tony Gaze,15.0
Robin Montgomerie-Charrington,25.0
Franco Comotti,25.0
Philippe Étancelin,52.916666666666664
Dennis Poore,65.0
Eric Thompson,80.0
Ken Downing,50.0
Graham Whitehead,45.0
Gino Bianco,12.5
David Murray,27.5
Eitel Cantoni,20.0
Bill Aston,0.0
Adolf Brudes,25.0
Fritz Riess,70.0
Helmut Niedermayr,60.0
Hans Klenk,50.0
Marcel Balsa,20.0
Rudolf Schoeller,0.0
Paul Pietsch,8.333333333333334
Josef Peters,0.0
Dries van der Lof,45.0
Jan Flinterman,40.0
Piero Dusio,0.0
Alberto Crespo,0.0
Franco Rol,32.0
Consalvo Sanesi,53.0
Guy Mairesse,48.333333333333336
Henri Louveau,17.5
Lee Wallard,87.5
Carl Forberg,70.0
Mauri Rose,62.5
Bill Mackey,10.0
Cecil Green,42.5
Walt Brown,5.0
Mack Hellings,20.0
Pierre Levegh,54.166666666666664
Eugène Chaboud,65.0
Aldo Gordini,30.0
Joe Kelly,35.0
Philip Fotheringham-Parker,20.0
Brian Shawe Taylor,60.0
John James,5.0
Toni Branca,35.0
Ken Richardson,0.0
Juan Jover,5.0
Georges Grignard,25.0
David Hampshire,42.5
Geoff Crossley,42.5
Luigi Fagioli,83.125
Cuth Harrison,50.0
Joe Fry,55.0
Eugène Martin,22.5
Leslie Johnson,0.0
Clemente Biondetti,15.0
Alfredo Pián,0.0
Raymond Sommer,47.0
Joie Chitwood,80.0
Myron Fohr,50.0
Walt Ader,0.0
Jackie Holmes,5.0
Bayliss Levrett,0.0
Jimmy Jackson,15.0
Nello Pagani,70.0
Charles Pozzi,75.0
Dorino Serafini,95.0
Bill Cantrell,0.0
Johnny Mantz,20.0
Danny Kladis,0.0
Óscar González,75.0
Nico Hülkenberg,45.65217391304348
Vitaly Petrov,33.87931034482759
Lucas di Grassi,11.052631578947368
Bruno Senna,28.043478260869566
Karun Chandhok,15.454545454545455
Pastor Maldonado,30.677083333333332
Paul di Resta,46.271186440677965
Sergio Pérez,58.78091872791519
Jérôme d'Ambrosio,14.0
Daniel Ricciardo,54.31906614785992
Jean-Éric Vergne,36.03448275862069
Charles Pic,15.256410256410257
Max Chilton,16.714285714285715
Esteban Gutiérrez,29.83050847457627
Valtteri Bottas,60.465587044534416
Giedo van der Garde,15.263157894736842
Jules Bianchi,19.705882352941178
Kevin Magnussen,37.25806451612903
Daniil Kvyat,44.107142857142854
André Lotterer,0.0
Marcus Ericsson,30.257731958762886
Will Stevens,21.842105263157894
Max Verstappen,77.08133971291866
Felipe Nasr,34.375
Carlos Sainz,58.72596153846154
Roberto Merhi,26.53846153846154
Alexander Rossi,28.0
Jolyon Palmer,29.054054054054053
Pascal Wehrlein,24.871794871794872
Rio Haryanto,12.083333333333334
Stoffel Vandoorne,39.04761904761905
Esteban Ocon,48.91025641025641
Lance Stroll,43.154761904761905
Antonio Giovinazzi,35.725806451612904
Pierre Gasly,48.798701298701296
Brendon Hartley,29.8
Charles Leclerc,67.48322147651007
Sergey Sirotkin,27.38095238095238
Lando Norris,66.171875
George Russell,52.6171875
Alexander Albon,45.42857142857143
Nicholas Latifi,25.737704918032787
Pietro Fittipaldi,15.0
Jack Aitken,25.0
Yuki Tsunoda,37.44444444444444
Nikita Mazepin,15.681818181818182
Mick Schumacher,26.704545454545453
Guanyu Zhou,31.91176470588235
Nyck de Vries,28.636363636363637
Oscar Piastri,65.8695652173913
Logan Sargeant,23.333333333333332
Liam Lawson,40.45454545454545
Oliver Bearman,56.666666666666664
Franco Colapinto,37.22222222222222
Jack Doohan,30.0
